Time (%),Total Time (ns),Instances,Avg (ns),Med (ns),Min (ns),Max (ns),StdDev (ns),Name
43.7,1824913931,10428,175001.3,94464.0,69664,364799,120444.2,sm80_xmma_gemm_f32f32_f32f32_f32_tn_n_tilesize128x128x8_stage3_warpsize2x2x1_ffma_aligna4_alignc4_execute_kernel__5x_cublas
34.4,1437053515,2376,604820.5,616062.0,566143,645758,26121.4,"fmha_cutlassF_f32_aligned_64x64_rf_sm80(PyTorchMemEffAttention::AttentionKernel<float, cutlass::arch::Sm80, (bool)1, (int)64, (int)64, (int)64, (bool)1, (bool)1>::Params)"
2.9,120131937,57288,2097.0,2080.0,1503,17184,741.6,"void at::native::elementwise_kernel<(int)128, (int)2, void at::native::gpu_kernel_impl_nocast<at::native::direct_copy_kernel_cuda(at::TensorIteratorBase &)::[lambda() (instance 3)]::operator ()() const::[lambda() (instance 7)]::operator ()() const::[lambda(float) (instance 1)]>(at::TensorIteratorBase &, const T1 &)::[lambda(int) (instance 1)]>(int, T3)"
2.0,83944975,3234,25957.0,25215.5,24128,64096,5365.7,sm80_xmma_gemm_f32f32_f32f32_f32_tn_n_tilesize128x64x8_stage3_warpsize2x2x1_ffma_aligna4_alignc4_execute_kernel__5x_cublas
1.9,81419725,924,88116.6,88815.5,18976,149183,24407.6,sm80_xmma_gemm_f32f32_f32f32_f32_tn_n_tilesize64x64x8_stage3_warpsize1x4x1_ffma_aligna4_alignc4_execute_kernel__5x_cublas
1.8,73568218,23760,3096.3,3104.0,2528,4256,271.6,"void at::native::elementwise_kernel<(int)128, (int)2, void at::native::gpu_kernel_impl_nocast<at::native::BinaryFunctor<float, float, float, at::native::binary_internal::MulFunctor<float>>>(at::TensorIteratorBase &, const T1 &)::[lambda(int) (instance 1)]>(int, T3)"
1.3,55134763,14256,3867.5,3776.0,3327,5312,311.5,"void at::native::elementwise_kernel<(int)128, (int)4, void at::native::gpu_kernel_impl<at::native::BinaryFunctor<float, float, float, at::native::binary_internal::MulFunctor<float>>>(at::TensorIteratorBase &, const T1 &)::[lambda(int) (instance 1)]>(int, T3)"
1.3,52849986,66,800757.4,799821.5,798238,807805,2865.4,sm80_xmma_fprop_implicit_gemm_indexed_tf32f32_tf32f32_f32_nhwckrsc_nchw_tilesize64x128x32_stage5_warpsize2x2x1_g1_tensor16x8x8_alignc4_execute_kernel__5x_cudnn
1.1,47859029,4752,10071.3,11263.5,7328,12352,1806.5,"void at::native::<unnamed>::CatArrayBatchedCopy<at::native::<unnamed>::OpaqueType<(unsigned int)4>, unsigned int, (int)4, (int)64, (int)64>(T1 *, at::native::<unnamed>::CatArrInputTensorMetadata<T1, T2, T4, T5>, at::native::<unnamed>::TensorSizeStride<T2, (unsigned int)4>, int, T2)"
1.1,46667658,14388,3243.5,3392.0,2528,19008,1132.7,"void at::native::elementwise_kernel<(int)128, (int)2, void at::native::gpu_kernel_impl_nocast<at::native::CUDAFunctor_add<float>>(at::TensorIteratorBase &, const T1 &)::[lambda(int) (instance 1)]>(int, T3)"
1.0,43280245,5082,8516.4,9120.0,3424,13568,1272.7,"void at::native::<unnamed>::vectorized_layer_norm_kernel<float, float>(int, T2, const T1 *, const T1 *, const T1 *, T2 *, T2 *, T1 *)"
0.9,39448521,14256,2767.2,2912.0,1887,4224,506.5,"void at::native::elementwise_kernel<(int)128, (int)2, void at::native::gpu_kernel_impl_nocast<at::native::neg_kernel_cuda(at::TensorIteratorBase &)::[lambda() (instance 2)]::operator ()() const::[lambda() (instance 7)]::operator ()() const::[lambda(float) (instance 1)]>(at::TensorIteratorBase &, const T1 &)::[lambda(int) (instance 1)]>(int, T3)"
0.7,30890209,2508,12316.7,15808.0,992,17248,4987.9,"void at::native::vectorized_elementwise_kernel<(int)4, at::native::GeluCUDAKernelImpl(at::TensorIteratorBase &, at::native::GeluType)::[lambda() (instance 2)]::operator ()() const::[lambda() (instance 2)]::operator ()() const::[lambda(float) (instance 1)], at::detail::Array<char *, (int)2>>(int, T2, T3)"
0.6,24099409,4686,5142.9,5792.0,3392,6752,1070.0,"void at::native::vectorized_elementwise_kernel<(int)4, at::native::CUDAFunctor_add<float>, at::detail::Array<char *, (int)3>>(int, T2, T3)"
0.6,23202649,14256,1627.6,1600.0,1503,2176,85.6,"void at::native::elementwise_kernel<(int)128, (int)4, void at::native::gpu_kernel_impl<at::native::<unnamed>::pow_tensor_tensor_kernel(at::TensorIteratorBase &)::[lambda() (instance 1)]::operator ()() const::[lambda() (instance 7)]::operator ()() const::[lambda(float, float) (instance 1)]>(at::TensorIteratorBase &, const T1 &)::[lambda(int) (instance 1)]>(int, T3)"
0.5,22592122,66,342304.9,342239.0,340959,344639,694.4,sm80_xmma_gemm_f32f32_f32f32_f32_nn_n_tilesize64x64x8_stage3_warpsize1x4x1_ffma_aligna4_alignc4_execute_kernel__5x_cublas
0.5,20873147,14256,1464.2,1408.0,1312,2144,103.3,"void at::native::vectorized_elementwise_kernel<(int)4, at::native::cos_kernel_cuda(at::TensorIteratorBase &)::[lambda() (instance 2)]::operator ()() const::[lambda() (instance 2)]::operator ()() const::[lambda(float) (instance 1)], at::detail::Array<char *, (int)2>>(int, T2, T3)"
0.5,20289320,14256,1423.2,1376.0,1120,2336,127.3,"void at::native::vectorized_elementwise_kernel<(int)4, at::native::sin_kernel_cuda(at::TensorIteratorBase &)::[lambda() (instance 2)]::operator ()() const::[lambda() (instance 2)]::operator ()() const::[lambda(float) (instance 1)], at::detail::Array<char *, (int)2>>(int, T2, T3)"
0.3,14260794,14256,1000.3,992.0,896,1856,76.9,"void at::native::vectorized_elementwise_kernel<(int)4, at::native::reciprocal_kernel_cuda(at::TensorIteratorBase &)::[lambda() (instance 1)]::operator ()() const::[lambda() (instance 2)]::operator ()() const::[lambda(float) (instance 1)], at::detail::Array<char *, (int)2>>(int, T2, T3)"
0.3,13783923,66,208847.3,208831.0,207967,210463,516.2,"void at::native::<unnamed>::cunn_SoftMaxForwardSmem<(int)4, float, float, float, at::native::<unnamed>::SoftMaxForwardEpilogue, long>(T4 *, const T2 *, T6)"
0.3,12813882,14388,890.6,832.0,735,12512,751.1,"void at::native::vectorized_elementwise_kernel<(int)4, at::native::BUnaryFunctor<float, float, float, at::native::binary_internal::MulFunctor<float>>, at::detail::Array<char *, (int)2>>(int, T2, T3)"
0.3,11957306,14256,838.8,864.0,767,1376,45.4,"void at::native::vectorized_elementwise_kernel<(int)4, at::native::AUnaryFunctor<float, float, float, at::native::binary_internal::MulFunctor<float>>, at::detail::Array<char *, (int)2>>(int, T2, T3)"
0.3,10603908,7128,1487.6,1408.0,1311,2400,169.5,"void at::native::vectorized_elementwise_kernel<(int)4, at::native::BUnaryFunctor<long, long, long, at::native::binary_internal::div_floor_kernel_cuda(at::TensorIteratorBase &)::[lambda() (instance 1)]::operator ()() const::[lambda() (instance 4)]::operator ()() const::[lambda(long, long) (instance 1)]>, at::detail::Array<char *, (int)2>>(int, T2, T3)"
0.2,9765085,14256,685.0,704.0,607,1344,41.9,"void at::native::vectorized_elementwise_kernel<(int)4, at::native::FillFunctor<long>, at::detail::Array<char *, (int)1>>(int, T2, T3)"
0.2,9689533,14256,679.7,704.0,607,1344,44.9,"void <unnamed>::elementwise_kernel_with_index<int, at::native::arange_cuda_out(const c10::Scalar &, const c10::Scalar &, const c10::Scalar &, at::Tensor &)::[lambda() (instance 1)]::operator ()() const::[lambda() (instance 7)]::operator ()() const::[lambda(long) (instance 1)]>(T1, T2, function_traits<T2>::result_type *)"
0.2,7528782,4752,1584.3,1536.0,1504,1952,79.5,"void at::native::vectorized_elementwise_kernel<(int)4, at::native::BinaryFunctor<float, float, float, at::native::binary_internal::MulFunctor<float>>, at::detail::Array<char *, (int)3>>(int, T2, T3)"
0.2,7056135,7128,989.9,960.0,896,1471,64.2,"void at::native::vectorized_elementwise_kernel<(int)4, at::native::CUDAFunctor_add<long>, at::detail::Array<char *, (int)3>>(int, T2, T3)"
0.2,6815689,7128,956.2,960.0,832,1344,68.0,"void at::native::vectorized_elementwise_kernel<(int)4, at::native::AUnaryFunctor<long, long, long, at::native::binary_internal::MulFunctor<long>>, at::detail::Array<char *, (int)2>>(int, T2, T3)"
0.1,4580243,132,34698.8,34800.0,24192,45152,10240.3,"void cudnn::engines_precompiled::nchwToNhwcKernel<float, float, float, (bool)0, (bool)1, (cudnnKernelDataType_t)2>(cudnn::engines_precompiled::nchw2nhwc_params_t<T3>, const T1 *, T2 *)"
0.1,4412569,66,66857.1,66912.0,65568,68352,655.9,"void at::native::reduce_kernel<(int)128, (int)4, at::native::ReduceOp<float, at::native::func_wrapper_t<float, at::native::sum_functor<float, float, float>::operator ()(at::TensorIterator &)::[lambda(float, float) (instance 1)]>, unsigned int, float, (int)4>>(T3)"
0.1,4119766,132,31210.3,31168.0,31039,31520,114.5,"void at::native::radixSortKVInPlace<(int)-2, (int)-1, (int)128, (int)32, long, long, unsigned int>(at::cuda::detail::TensorInfo<T5, T7>, T7, T7, T7, at::cuda::detail::TensorInfo<T6, T7>, T7, bool)"
0.1,2509048,990,2534.4,1952.0,1568,6688,1540.4,"void at::native::elementwise_kernel<(int)128, (int)2, void at::native::gpu_kernel_impl_nocast<at::native::direct_copy_kernel_cuda(at::TensorIteratorBase &)::[lambda() (instance 3)]::operator ()() const::[lambda() (instance 4)]::operator ()() const::[lambda(long) (instance 1)]>(at::TensorIteratorBase &, const T1 &)::[lambda(int) (instance 1)]>(int, T3)"
0.0,1994778,330,6044.8,4480.0,3680,9888,2313.3,"void at::native::_scatter_gather_elementwise_kernel<(int)128, (int)4, void at::native::_cuda_scatter_gather_internal_kernel<(bool)0, at::native::OpaqueType<(int)4>>::operator ()<at::native::TensorAssign>(at::TensorIterator &, long, long, long, const T1 &)::[lambda(int) (instance 1)]>(int, T3)"
0.0,1676792,1980,846.9,800.0,672,1376,119.8,"void <unnamed>::elementwise_kernel_with_index<int, at::native::arange_cuda_out(const c10::Scalar &, const c10::Scalar &, const c10::Scalar &, at::Tensor &)::[lambda() (instance 1)]::operator ()() const::[lambda() (instance 4)]::operator ()() const::[lambda(long) (instance 1)]>(T1, T2, function_traits<T2>::result_type *)"
0.0,1327709,198,6705.6,7904.0,3776,8960,2049.0,"void at::native::<unnamed>::CatArrayBatchedCopy_aligned16_contig<at::native::<unnamed>::OpaqueType<(unsigned int)4>, unsigned int, (int)3, (int)128, (int)1>(T1 *, at::native::<unnamed>::CatArrInputTensorMetadata<T1, T2, T4, T5>, at::native::<unnamed>::TensorSizeStride<T2, (unsigned int)4>, int, T2)"
0.0,1017916,66,15423.0,15311.5,15008,16416,313.1,"void at::native::<unnamed>::transform_bias_rescale_qkv_kernel<float, float, (bool)1>(at::GenericPackedTensorAccessor<T1, (unsigned long)3, at::RestrictPtrTraits, long>, at::GenericPackedTensorAccessor<T1, (unsigned long)1, at::RestrictPtrTraits, long>, at::GenericPackedTensorAccessor<T1, (unsigned long)5, at::RestrictPtrTraits, long>, T1)"
0.0,743904,66,11271.3,11216.0,10336,12320,331.3,"void at::native::reduce_kernel<(int)128, (int)4, at::native::ReduceOp<float, at::native::MeanOps<float, float, float, float>, unsigned int, float, (int)4>>(T3)"
0.0,526624,132,3989.6,3968.0,3648,5120,240.6,"std::enable_if<!T7, void>::type internal::gemvx::kernel<int, int, float, float, float, float, (bool)0, (bool)1, (bool)1, (bool)0, (int)7, (bool)0, cublasGemvParamsEx<int, cublasGemvTensorStridedBatched<const float>, cublasGemvTensorStridedBatched<const float>, cublasGemvTensorStridedBatched<float>, float>>(T13)"
0.0,159488,66,2416.5,2368.0,2336,2752,84.1,"void at::native::_scatter_gather_elementwise_kernel<(int)128, (int)4, void at::native::_cuda_scatter_gather_internal_kernel<(bool)0, at::native::OpaqueType<(int)8>>::operator ()<at::native::TensorAssign>(at::TensorIterator &, long, long, long, const T1 &)::[lambda(int) (instance 1)]>(int, T3)"
0.0,157184,66,2381.6,2384.0,2144,2752,147.1,"void at::native::reduce_kernel<(int)512, (int)1, at::native::ReduceOp<long, at::native::func_wrapper_t<long, at::native::MaxNanFunctor<long>>, unsigned int, long, (int)4>>(T3)"
0.0,109088,66,1652.8,1648.0,1536,2048,98.9,"void dot_kernel<float, (int)128, (int)0, cublasDotParams<cublasGemvTensorStridedBatched<const float>, cublasGemvTensorStridedBatched<float>>>(T4)"
0.0,100480,66,1522.4,1504.0,1472,2112,89.3,"void at::native::vectorized_elementwise_kernel<(int)4, at::native::FillFunctor<float>, at::detail::Array<char *, (int)1>>(int, T2, T3)"
0.0,97215,66,1473.0,1440.0,1408,1696,77.4,"void reduce_1Block_kernel<float, (int)128, (int)7, cublasGemvTensorStridedBatched<float>, cublasGemvTensorStridedBatched<const float>, cublasGemvTensorStridedBatched<float>>(const T1 *, T1, T4, int, const T1 *, T1, T5, T6, cublasPointerMode_t, cublasLtEpilogue_t, cublasGemvTensorStridedBatched<const biasType<T6::value_type, T1>::type>)"
0.0,81407,66,1233.4,1216.0,1152,1440,51.2,"void at::native::<unnamed>::CatArrayBatchedCopy_aligned16_contig<at::native::<unnamed>::OpaqueType<(unsigned int)8>, unsigned int, (int)2, (int)128, (int)1>(T1 *, at::native::<unnamed>::CatArrInputTensorMetadata<T1, T2, T4, T5>, at::native::<unnamed>::TensorSizeStride<T2, (unsigned int)4>, int, T2)"
0.0,73120,66,1107.9,1088.0,1056,1536,82.6,"void at::native::vectorized_elementwise_kernel<(int)4, at::native::CUDAFunctorOnSelf_add<long>, at::detail::Array<char *, (int)2>>(int, T2, T3)"
0.0,65792,66,996.8,960.0,960,1216,63.8,"void <unnamed>::softmax_warp_forward<float, float, float, (int)1, (bool)0, (bool)0>(T2 *, const T1 *, int, int, int, const bool *, int, bool)"
